{
  "$schema": "https://json-schema.org/draft/2020-12/schema",
  "title": "views.json",
  "type": "object",
  "required": [
    "views"
  ],
  "properties": {
    "views": {
      "type": "array",
      "items": {
        "type": "object",
        "required": [
          "id",
          "bbox_px",
          "angle_deg",
          "sketch"
        ],
        "properties": {
          "id": {
            "type": "string"
          },
          "bbox_px": {
            "type": "array",
            "items": {
              "type": "number"
            },
            "minItems": 4,
            "maxItems": 4
          },
          "angle_deg": {
            "type": "number"
          },
          "sketch": {
            "type": "object",
            "required": [
              "outer_polygon_px",
              "holes_px",
              "solved"
            ],
            "properties": {
              "outer_polygon_px": {
                "type": "array",
                "items": {
                  "type": "array",
                  "items": {
                    "type": "number"
                  },
                  "minItems": 2,
                  "maxItems": 2
                },
                "minItems": 3
              },
              "holes_px": {
                "type": "array",
                "items": {
                  "type": "object",
                  "required": [
                    "center_px",
                    "r_px"
                  ],
                  "properties": {
                    "center_px": {
                      "type": "array",
                      "items": {
                        "type": "number"
                      },
                      "minItems": 2,
                      "maxItems": 2
                    },
                    "r_px": {
                      "type": "number",
                      "minimum": 0
                    }
                  },
                  "additionalProperties": false
                }
              },
              "slots_px": {
                "type": "array"
              },
              "arcs_px": {
                "type": "array"
              },
              "solved": {
                "type": "object",
                "required": [
                  "outer",
                  "holes"
                ],
                "properties": {
                  "outer": {
                    "type": "boolean"
                  },
                  "holes": {
                    "type": "boolean"
                  },
                  "slots": {
                    "type": "boolean"
                  },
                  "arcs": {
                    "type": "boolean"
                  }
                },
                "additionalProperties": false
              }
            },
            "additionalProperties": true
          }
        },
        "additionalProperties": true
      }
    }
  },
  "additionalProperties": false
}
