[
  {
    "id": "gost-lines-continuous-thick",
    "standard_family": "GOST",
    "category": "Lines",
    "name_ru": "Сплошная толстая линия",
    "symbol_text": "сплошная толстая",
    "meaning_ru": "Основной контур видимых элементов.",
    "usage_rule_ru": "Толщина выбирается из ряда s = 0,5…1,4 мм; все линии чертежа кратны s.",
    "examples_ru": "Контур детали; рамка разреза.",
    "standard_refs": [
      "GOST 2.303-68"
    ],
    "aliases": [],
    "tags": [
      "контур",
      "видимая"
    ],
    "notes_ru": ""
  },
  {
    "id": "gost-lines-continuous-thin",
    "standard_family": "GOST",
    "category": "Lines",
    "name_ru": "Сплошная тонкая линия",
    "symbol_text": "сплошная тонкая",
    "meaning_ru": "Размерные, выносные, линии-выноски, штриховка.",
    "usage_rule_ru": "Толщина ~ 0,2…0,3 s; применяется для размеров, выносок и штриховки сечений.",
    "examples_ru": "Размерная линия Ø20; штриховка под 45°.",
    "standard_refs": [
      "GOST 2.303-68"
    ],
    "aliases": [],
    "tags": [
      "размерная",
      "выносная"
    ],
    "notes_ru": ""
  },
  {
    "id": "gost-lines-dashed",
    "standard_family": "GOST",
    "category": "Lines",
    "name_ru": "Штриховая линия",
    "symbol_text": "штриховая",
    "meaning_ru": "Скрытые (невидимые) контуры.",
    "usage_rule_ru": "Длина штриха 2–8 мм, интервалы 1–2 мм; не выводят на край видимого контура.",
    "examples_ru": "Невидимое отверстие за плоскостью вида.",
    "standard_refs": [
      "GOST 2.303-68"
    ],
    "aliases": [],
    "tags": [
      "скрытая"
    ],
    "notes_ru": ""
  },
  {
    "id": "gost-lines-chain-thin",
    "standard_family": "GOST",
    "category": "Lines",
    "name_ru": "Штрихпунктирная тонкая",
    "symbol_text": "штрихпунктирная тонкая",
    "meaning_ru": "Осевая, срединная, траектории.",
    "usage_rule_ru": "Длинный штрих 20–40 мм, короткий 3–5 мм; через центр — длинный штрих.",
    "examples_ru": "Осевая отверстия; линия симметрии.",
    "standard_refs": [
      "GOST 2.303-68"
    ],
    "aliases": [],
    "tags": [
      "осевая",
      "центр"
    ],
    "notes_ru": ""
  },
  {
    "id": "gost-lines-chain-thick",
    "standard_family": "GOST",
    "category": "Lines",
    "name_ru": "Штрихпунктирная утолщённая",
    "symbol_text": "штрихпунктирная утолщённая",
    "meaning_ru": "Линии разреза (секущие) и плоскости сечений.",
    "usage_rule_ru": "Стрелки и обозначение сечения (например, A–A).",
    "examples_ru": "Разрез A–A; направление секущей.",
    "standard_refs": [
      "GOST 2.303-68",
      "GOST 2.305-68"
    ],
    "aliases": [],
    "tags": [
      "разрез",
      "секущая"
    ],
    "notes_ru": ""
  },
  {
    "id": "gost-lines-freehand-break",
    "standard_family": "GOST",
    "category": "Lines",
    "name_ru": "Линия обрыва (волнистая)",
    "symbol_text": "волнистая",
    "meaning_ru": "Локальный обрыв изображения.",
    "usage_rule_ru": "Применяется для частичного изображения деталей и местных разрезов.",
    "examples_ru": "Местный разрез.",
    "standard_refs": [
      "GOST 2.303-68",
      "GOST 2.305-68"
    ],
    "aliases": [],
    "tags": [
      "обрыв",
      "местный разрез"
    ],
    "notes_ru": ""
  },
  {
    "id": "gost-proj-first-angle",
    "standard_family": "GOST",
    "category": "Projections",
    "name_ru": "Метод проекций: первый угол (Европейский)",
    "symbol_text": "⟂ (символ первого угла проекций)",
    "meaning_ru": "Объект между наблюдателем и плоскостью проекций; стандартно в ЕСКД.",
    "usage_rule_ru": "Символ проекций указывают в основной надписи при необходимости.",
    "examples_ru": "Символ первого угла в основной надписи.",
    "standard_refs": [
      "GOST 2.305-68"
    ],
    "aliases": [],
    "tags": [
      "ЕСКД",
      "проецирование"
    ],
    "notes_ru": ""
  },
  {
    "id": "gost-view-section",
    "standard_family": "GOST",
    "category": "Views/Sections",
    "name_ru": "Разрез",
    "symbol_text": "A–A (стрелки)",
    "meaning_ru": "Показывает внутреннее устройство предмета в плоскости секущей.",
    "usage_rule_ru": "Стрелки направления, обозначение секущей, штриховка под 45°; одинаковые материалы — одинаковая штриховка.",
    "examples_ru": "Разрез A–A; штриховка стали.",
    "standard_refs": [
      "GOST 2.305-68"
    ],
    "aliases": [],
    "tags": [
      "разрез",
      "штриховка"
    ],
    "notes_ru": ""
  },
  {
    "id": "gost-view-local-section",
    "standard_family": "GOST",
    "category": "Views/Sections",
    "name_ru": "Местный разрез",
    "symbol_text": "замкнутая волнистая",
    "meaning_ru": "Частичный разрез ограниченной области.",
    "usage_rule_ru": "Границу выполняют волнистой линией; штриховка с углом 45°.",
    "examples_ru": "Местный разрез в зоне отверстия.",
    "standard_refs": [
      "GOST 2.305-68"
    ],
    "aliases": [],
    "tags": [
      "местный",
      "разрез"
    ],
    "notes_ru": ""
  },
  {
    "id": "gost-section-removed",
    "standard_family": "GOST",
    "category": "Views/Sections",
    "name_ru": "Вынесенное сечение",
    "symbol_text": "Б-Б (вынесено)",
    "meaning_ru": "Сечение, вынесенное вне контура вида.",
    "usage_rule_ru": "Обозначают буквами, контур — сплошной основной линией.",
    "examples_ru": "Сечение Б-Б вынесено справа.",
    "standard_refs": [
      "GOST 2.305-68"
    ],
    "aliases": [],
    "tags": [
      "сечение",
      "вынесенное"
    ],
    "notes_ru": ""
  },
  {
    "id": "gost-section-superposed",
    "standard_family": "GOST",
    "category": "Views/Sections",
    "name_ru": "Наложенное сечение",
    "symbol_text": "штриховка на виде",
    "meaning_ru": "Сечение, наложенное на вид.",
    "usage_rule_ru": "Контур — сплошной тонкой, штриховка на виде под 45°.",
    "examples_ru": "Наложенное сечение в валу.",
    "standard_refs": [
      "GOST 2.305-68"
    ],
    "aliases": [],
    "tags": [
      "наложенное",
      "сечение"
    ],
    "notes_ru": ""
  },
  {
    "id": "gost-dim-line",
    "standard_family": "GOST",
    "category": "Dimensioning",
    "name_ru": "Размерная линия",
    "symbol_text": "линия со стрелками",
    "meaning_ru": "Показывает величину размера между выносными линиями.",
    "usage_rule_ru": "Стрелки заполняют; размерное число — над линией без единиц (мм по умолчанию).",
    "examples_ru": "⌀20; 35; 2×R3",
    "standard_refs": [
      "GOST 2.307-2011"
    ],
    "aliases": [],
    "tags": [
      "размер"
    ],
    "notes_ru": ""
  },
  {
    "id": "gost-ext-line",
    "standard_family": "GOST",
    "category": "Dimensioning",
    "name_ru": "Выносная линия",
    "symbol_text": "тонкая сплошная",
    "meaning_ru": "Ограничивает зону измерения и связывает её с размерной линией.",
    "usage_rule_ru": "Не должно быть разрывов; за стрелкой выступает на 1–5 мм.",
    "examples_ru": "Выносные для длины 40.",
    "standard_refs": [
      "GOST 2.307-2011"
    ],
    "aliases": [],
    "tags": [
      "выносная"
    ],
    "notes_ru": ""
  },
  {
    "id": "gost-leader",
    "standard_family": "GOST",
    "category": "Dimensioning",
    "name_ru": "Линия-выноска",
    "symbol_text": "тонкая со стрелкой/точкой",
    "meaning_ru": "Связь примечаний/размеров с элементом.",
    "usage_rule_ru": "Заканчивается точкой на поверхности или стрелкой на контуре.",
    "examples_ru": "Выноска к фаске C1×45°.",
    "standard_refs": [
      "GOST 2.307-2011"
    ],
    "aliases": [],
    "tags": [
      "выноска"
    ],
    "notes_ru": ""
  },
  {
    "id": "gost-dim-diameter",
    "standard_family": "GOST",
    "category": "Dimensioning",
    "name_ru": "Знак диаметра",
    "symbol_text": "⌀",
    "meaning_ru": "Обозначает размер диаметра окружности/отверстия.",
    "usage_rule_ru": "Перед размерным числом ставится знак ⌀.",
    "examples_ru": "⌀12; 4×⌀6",
    "standard_refs": [
      "GOST 2.307-2011"
    ],
    "aliases": [],
    "tags": [
      "диаметр"
    ],
    "notes_ru": ""
  },
  {
    "id": "gost-dim-radius",
    "standard_family": "GOST",
    "category": "Dimensioning",
    "name_ru": "Знак радиуса",
    "symbol_text": "R",
    "meaning_ru": "Обозначает радиус дуги/окружности.",
    "usage_rule_ru": "Перед размером указывают R; для сфер — SR.",
    "examples_ru": "R5; SR8",
    "standard_refs": [
      "GOST 2.307-2011"
    ],
    "aliases": [],
    "tags": [
      "радиус",
      "сфера"
    ],
    "notes_ru": ""
  },
  {
    "id": "gost-dim-angle",
    "standard_family": "GOST",
    "category": "Dimensioning",
    "name_ru": "Угловой размер",
    "symbol_text": "°",
    "meaning_ru": "Размер угла в градусах.",
    "usage_rule_ru": "Знак градуса после числа; выносные линии — дуговые.",
    "examples_ru": "30°; 2×45°",
    "standard_refs": [
      "GOST 2.307-2011"
    ],
    "aliases": [],
    "tags": [
      "угол"
    ],
    "notes_ru": ""
  },
  {
    "id": "gost-dim-fits",
    "standard_family": "GOST",
    "category": "Dimensioning",
    "name_ru": "Поле допуска/посадка (общее)",
    "symbol_text": "H7/g6",
    "meaning_ru": "Обозначение посадок по системе отверстия/вала.",
    "usage_rule_ru": "Применяют к размеру номинала; буквенно-цифровой код поля допуска.",
    "examples_ru": "⌀20 H7/g6",
    "standard_refs": [
      "GOST 2.307-2011"
    ],
    "aliases": [],
    "tags": [
      "посадки",
      "допуски"
    ],
    "notes_ru": "Числовые поля по ГОСТ ISO 286."
  },
  {
    "id": "gost-dim-thread-metric",
    "standard_family": "GOST",
    "category": "Dimensioning",
    "name_ru": "Резьба метрическая",
    "symbol_text": "M10×1,5",
    "meaning_ru": "Обозначение метрической резьбы.",
    "usage_rule_ru": "Формат: M⌀×шаг; доп. параметры — класс точности, направление.",
    "examples_ru": "M12×1,75-6H",
    "standard_refs": [
      "GOST 2.307-2011"
    ],
    "aliases": [],
    "tags": [
      "резьба",
      "метрическая"
    ],
    "notes_ru": ""
  },
  {
    "id": "gost-gdt-straightness",
    "standard_family": "GOST",
    "category": "Geometrical Tolerancing",
    "name_ru": "Прямолинейность",
    "symbol_text": "символ в виде короткой горизонтальной линии",
    "meaning_ru": "Ограничение отклонения формы линии от идеальной прямой.",
    "usage_rule_ru": "Обозначают в рамке допуска формы; без баз, применимо к отдельным элементам.",
    "examples_ru": "⟦— | 0,05⟧",
    "standard_refs": [
      "GOST 2.308-79"
    ],
    "aliases": [],
    "tags": [
      "форма"
    ],
    "notes_ru": ""
  },
  {
    "id": "gost-gdt-flatness",
    "standard_family": "GOST",
    "category": "Geometrical Tolerancing",
    "name_ru": "Плоскостность",
    "symbol_text": "параллелограмм",
    "meaning_ru": "Ограничение отклонения поверхности от идеальной плоскости.",
    "usage_rule_ru": "Рамка допуска формы с величиной в мм.",
    "examples_ru": "⟦FLAT | 0,1⟧",
    "standard_refs": [
      "GOST 2.308-79"
    ],
    "aliases": [],
    "tags": [
      "форма"
    ],
    "notes_ru": ""
  },
  {
    "id": "gost-gdt-roundness",
    "standard_family": "GOST",
    "category": "Geometrical Tolerancing",
    "name_ru": "Круглость",
    "symbol_text": "кружок",
    "meaning_ru": "Отклонение профиля окружности от идеального круга.",
    "usage_rule_ru": "Указывают для тел вращения/отверстий.",
    "examples_ru": "⟦∘ | 0,02⟧",
    "standard_refs": [
      "GOST 2.308-79"
    ],
    "aliases": [],
    "tags": [
      "форма"
    ],
    "notes_ru": ""
  },
  {
    "id": "gost-gdt-cylindricity",
    "standard_family": "GOST",
    "category": "Geometrical Tolerancing",
    "name_ru": "Цилиндричность",
    "symbol_text": "символ цилиндра",
    "meaning_ru": "Отклонение поверхности цилиндра от идеальной.",
    "usage_rule_ru": "Применяют к валикам/отверстиям.",
    "examples_ru": "⟦CYL | 0,05⟧",
    "standard_refs": [
      "GOST 2.308-79"
    ],
    "aliases": [],
    "tags": [
      "форма"
    ],
    "notes_ru": ""
  },
  {
    "id": "gost-gdt-parallelism",
    "standard_family": "GOST",
    "category": "Geometrical Tolerancing",
    "name_ru": "Параллельность",
    "symbol_text": "∥",
    "meaning_ru": "Отклонение ориентации относительно базы.",
    "usage_rule_ru": "В рамке указывают значение и базу: ∥ 0,02 | A.",
    "examples_ru": "⟦∥ | 0,02 | A⟧",
    "standard_refs": [
      "GOST 2.308-79"
    ],
    "aliases": [],
    "tags": [
      "ориентация"
    ],
    "notes_ru": ""
  },
  {
    "id": "gost-gdt-perpendicularity",
    "standard_family": "GOST",
    "category": "Geometrical Tolerancing",
    "name_ru": "Перпендикулярность",
    "symbol_text": "⊥",
    "meaning_ru": "Отклонение ориентации поверхности/оси от перпендикуляра к базе.",
    "usage_rule_ru": "Указывают базу и величину.",
    "examples_ru": "⟦⊥ | 0,03 | A⟧",
    "standard_refs": [
      "GOST 2.308-79"
    ],
    "aliases": [],
    "tags": [
      "ориентация"
    ],
    "notes_ru": ""
  },
  {
    "id": "gost-gdt-angularity",
    "standard_family": "GOST",
    "category": "Geometrical Tolerancing",
    "name_ru": "Наклон (угловатость)",
    "symbol_text": "∠",
    "meaning_ru": "Отклонение ориентации под заданным углом к базе.",
    "usage_rule_ru": "Рамка с величиной и базой.",
    "examples_ru": "⟦∠ | 0,05 | A⟧",
    "standard_refs": [
      "GOST 2.308-79"
    ],
    "aliases": [],
    "tags": [
      "ориентация"
    ],
    "notes_ru": ""
  },
  {
    "id": "gost-gdt-position",
    "standard_family": "GOST",
    "category": "Geometrical Tolerancing",
    "name_ru": "Позиционный допуск",
    "symbol_text": "символ позиции (мишень)",
    "meaning_ru": "Ограничение местоположения относительно датумов.",
    "usage_rule_ru": "Часто применяется к отверстиям на делительной схеме.",
    "examples_ru": "⟦POS | ⌀0,1 | A|B|C⟧",
    "standard_refs": [
      "GOST 2.308-79"
    ],
    "aliases": [],
    "tags": [
      "расположение"
    ],
    "notes_ru": ""
  },
  {
    "id": "gost-gdt-coaxiality",
    "standard_family": "GOST",
    "category": "Geometrical Tolerancing",
    "name_ru": "Соосность",
    "symbol_text": "две концентрические окружности",
    "meaning_ru": "Совмещение осей поверхностей вращения.",
    "usage_rule_ru": "Применяется к валам/отверстиям; может заменяться позиционным.",
    "examples_ru": "⟦COAX | 0,02 | A⟧",
    "standard_refs": [
      "GOST 2.308-79"
    ],
    "aliases": [],
    "tags": [
      "расположение"
    ],
    "notes_ru": "В ISO отменена как отдельная в пользу 'позиции' и 'run-out'."
  },
  {
    "id": "gost-gdt-symmetry",
    "standard_family": "GOST",
    "category": "Geometrical Tolerancing",
    "name_ru": "Симметрия",
    "symbol_text": "символ симметрии",
    "meaning_ru": "Симметрия медианной плоскости/оси относительно базы.",
    "usage_rule_ru": "Назначается для пазов, уступов.",
    "examples_ru": "⟦SYM | 0,05 | A⟧",
    "standard_refs": [
      "GOST 2.308-79"
    ],
    "aliases": [],
    "tags": [
      "расположение"
    ],
    "notes_ru": ""
  },
  {
    "id": "gost-gdt-runout-circular",
    "standard_family": "GOST",
    "category": "Geometrical Tolerancing",
    "name_ru": "Круговое биение",
    "symbol_text": "стрелка по окружности",
    "meaning_ru": "Суммарное отклонение формы/расположения при вращении относительно базы.",
    "usage_rule_ru": "Измеряется индикатором по окружности.",
    "examples_ru": "⟦RUN | 0,02 | A⟧",
    "standard_refs": [
      "GOST 2.308-79"
    ],
    "aliases": [],
    "tags": [
      "биение"
    ],
    "notes_ru": ""
  },
  {
    "id": "gost-gdt-runout-total",
    "standard_family": "GOST",
    "category": "Geometrical Tolerancing",
    "name_ru": "Полное биение",
    "symbol_text": "стрелка по поверхности",
    "meaning_ru": "Суммарное отклонение при вращении по всей образующей.",
    "usage_rule_ru": "Для валов и отверстий в сборках.",
    "examples_ru": "⟦TRUN | 0,05 | A⟧",
    "standard_refs": [
      "GOST 2.308-79"
    ],
    "aliases": [],
    "tags": [
      "биение"
    ],
    "notes_ru": ""
  },
  {
    "id": "gost-gdt-datum",
    "standard_family": "GOST",
    "category": "Geometrical Tolerancing",
    "name_ru": "База (датум)",
    "symbol_text": "Буква в рамке (A, B, C)",
    "meaning_ru": "Опорная поверхность/ось для отсчёта допусков.",
    "usage_rule_ru": "Обозначается полочкой-выноской и рамкой с буквой.",
    "examples_ru": "⟦A⟧; ⟦B⟧",
    "standard_refs": [
      "GOST 2.308-79"
    ],
    "aliases": [],
    "tags": [
      "база",
      "датум"
    ],
    "notes_ru": ""
  },
  {
    "id": "gost-st-root",
    "standard_family": "GOST",
    "category": "Surface Texture",
    "name_ru": "Базовый знак шероховатости",
    "symbol_text": "корневой знак (галочка с полкой)",
    "meaning_ru": "Указывает требование к шероховатости без уточнений.",
    "usage_rule_ru": "Ставится на полке выноски/контуре; параметры по ГОСТ 2789-73.",
    "examples_ru": "Ra 1,6; Rz 10",
    "standard_refs": [
      "GOST 2.309-73",
      "GOST 2789-73"
    ],
    "aliases": [],
    "tags": [
      "шероховатость"
    ],
    "notes_ru": ""
  },
  {
    "id": "gost-st-material-removal-required",
    "standard_family": "GOST",
    "category": "Surface Texture",
    "name_ru": "Съём материала обязателен",
    "symbol_text": "корневой знак с чертой",
    "meaning_ru": "Поверхность должна быть обработана съёмом материала.",
    "usage_rule_ru": "Добавляется горизонтальная черта над корневым знаком.",
    "examples_ru": "Знак + 'Ra 0,8'",
    "standard_refs": [
      "GOST 2.309-73"
    ],
    "aliases": [],
    "tags": [
      "шероховатость"
    ],
    "notes_ru": ""
  },
  {
    "id": "gost-st-no-material-removal",
    "standard_family": "GOST",
    "category": "Surface Texture",
    "name_ru": "Съём материала запрещён",
    "symbol_text": "корневой знак с кружком",
    "meaning_ru": "Поверхность без снятия материала (литьё, штамповка).",
    "usage_rule_ru": "К кругу добавляют параметры, если нужно.",
    "examples_ru": "Знак ○ и 'Rz 40'",
    "standard_refs": [
      "GOST 2.309-73"
    ],
    "aliases": [],
    "tags": [
      "шероховатость"
    ],
    "notes_ru": ""
  },
  {
    "id": "gost-title-block",
    "standard_family": "GOST",
    "category": "Title Block",
    "name_ru": "Основная надпись (форматы)",
    "symbol_text": "рамка + таблица",
    "meaning_ru": "Расположение и состав основной надписи ЕСКД.",
    "usage_rule_ru": "Для форматов A0–A4; указывают масштаб, метод проекций, материалы и др.",
    "examples_ru": "Формат А3, масштаб 1:2.",
    "standard_refs": [
      "GOST 2.104-2006",
      "GOST 2.301-68",
      "GOST 2.302-68"
    ],
    "aliases": [],
    "tags": [
      "основная надпись",
      "форматы"
    ],
    "notes_ru": ""
  },
  {
    "id": "gost-scale",
    "standard_family": "GOST",
    "category": "Scales",
    "name_ru": "Масштаб",
    "symbol_text": "1:1; 2:1; 1:2",
    "meaning_ru": "Отношение линейных размеров изображения к натуре.",
    "usage_rule_ru": "Указывают в основной надписи; по ряду предпочтительных масштабов.",
    "examples_ru": "1:5; 5:1",
    "standard_refs": [
      "GOST 2.302-68"
    ],
    "aliases": [],
    "tags": [
      "масштаб"
    ],
    "notes_ru": ""
  },
  {
    "id": "gost-units",
    "standard_family": "GOST",
    "category": "Units",
    "name_ru": "Единицы размеров",
    "symbol_text": "мм по умолчанию",
    "meaning_ru": "Линейные размеры — в миллиметрах без указания единиц.",
    "usage_rule_ru": "Иные единицы указывают явно (например, °, Н9).",
    "examples_ru": "⌀10; 30; 45°",
    "standard_refs": [
      "GOST 2.307-2011"
    ],
    "aliases": [],
    "tags": [
      "единицы"
    ],
    "notes_ru": ""
  }
]