id,standard_family,category,name_ru,symbol_text,meaning_ru,usage_rule_ru,examples_ru,standard_refs,aliases,tags,notes_ru
gost-lines-continuous-thick,GOST,Lines,Сплошная толстая линия,сплошная толстая,Основной контур видимых элементов.,"Толщина выбирается из ряда s = 0,5…1,4 мм; все линии чертежа кратны s.",Контур детали; рамка разреза.,['GOST 2.303-68'],[],"['контур', 'видимая']",
gost-lines-continuous-thin,GOST,Lines,Сплошная тонкая линия,сплошная тонкая,"Размерные, выносные, линии-выноски, штриховка.","Толщина ~ 0,2…0,3 s; применяется для размеров, выносок и штриховки сечений.",Размерная линия Ø20; штриховка под 45°.,['GOST 2.303-68'],[],"['размерная', 'выносная']",
gost-lines-dashed,GOST,Lines,Штриховая линия,штриховая,Скрытые (невидимые) контуры.,"Длина штриха 2–8 мм, интервалы 1–2 мм; не выводят на край видимого контура.",Невидимое отверстие за плоскостью вида.,['GOST 2.303-68'],[],['скрытая'],
gost-lines-chain-thin,GOST,Lines,Штрихпунктирная тонкая,штрихпунктирная тонкая,"Осевая, срединная, траектории.","Длинный штрих 20–40 мм, короткий 3–5 мм; через центр — длинный штрих.",Осевая отверстия; линия симметрии.,['GOST 2.303-68'],[],"['осевая', 'центр']",
gost-lines-chain-thick,GOST,Lines,Штрихпунктирная утолщённая,штрихпунктирная утолщённая,Линии разреза (секущие) и плоскости сечений.,"Стрелки и обозначение сечения (например, A–A).",Разрез A–A; направление секущей.,"['GOST 2.303-68', 'GOST 2.305-68']",[],"['разрез', 'секущая']",
gost-lines-freehand-break,GOST,Lines,Линия обрыва (волнистая),волнистая,Локальный обрыв изображения.,Применяется для частичного изображения деталей и местных разрезов.,Местный разрез.,"['GOST 2.303-68', 'GOST 2.305-68']",[],"['обрыв', 'местный разрез']",
gost-proj-first-angle,GOST,Projections,Метод проекций: первый угол (Европейский),⟂ (символ первого угла проекций),Объект между наблюдателем и плоскостью проекций; стандартно в ЕСКД.,Символ проекций указывают в основной надписи при необходимости.,Символ первого угла в основной надписи.,['GOST 2.305-68'],[],"['ЕСКД', 'проецирование']",
gost-view-section,GOST,Views/Sections,Разрез,A–A (стрелки),Показывает внутреннее устройство предмета в плоскости секущей.,"Стрелки направления, обозначение секущей, штриховка под 45°; одинаковые материалы — одинаковая штриховка.",Разрез A–A; штриховка стали.,['GOST 2.305-68'],[],"['разрез', 'штриховка']",
gost-view-local-section,GOST,Views/Sections,Местный разрез,замкнутая волнистая,Частичный разрез ограниченной области.,Границу выполняют волнистой линией; штриховка с углом 45°.,Местный разрез в зоне отверстия.,['GOST 2.305-68'],[],"['местный', 'разрез']",
gost-section-removed,GOST,Views/Sections,Вынесенное сечение,Б-Б (вынесено),"Сечение, вынесенное вне контура вида.","Обозначают буквами, контур — сплошной основной линией.",Сечение Б-Б вынесено справа.,['GOST 2.305-68'],[],"['сечение', 'вынесенное']",
gost-section-superposed,GOST,Views/Sections,Наложенное сечение,штриховка на виде,"Сечение, наложенное на вид.","Контур — сплошной тонкой, штриховка на виде под 45°.",Наложенное сечение в валу.,['GOST 2.305-68'],[],"['наложенное', 'сечение']",
gost-dim-line,GOST,Dimensioning,Размерная линия,линия со стрелками,Показывает величину размера между выносными линиями.,Стрелки заполняют; размерное число — над линией без единиц (мм по умолчанию).,⌀20; 35; 2×R3,['GOST 2.307-2011'],[],['размер'],
gost-ext-line,GOST,Dimensioning,Выносная линия,тонкая сплошная,Ограничивает зону измерения и связывает её с размерной линией.,Не должно быть разрывов; за стрелкой выступает на 1–5 мм.,Выносные для длины 40.,['GOST 2.307-2011'],[],['выносная'],
gost-leader,GOST,Dimensioning,Линия-выноска,тонкая со стрелкой/точкой,Связь примечаний/размеров с элементом.,Заканчивается точкой на поверхности или стрелкой на контуре.,Выноска к фаске C1×45°.,['GOST 2.307-2011'],[],['выноска'],
gost-dim-diameter,GOST,Dimensioning,Знак диаметра,⌀,Обозначает размер диаметра окружности/отверстия.,Перед размерным числом ставится знак ⌀.,⌀12; 4×⌀6,['GOST 2.307-2011'],[],['диаметр'],
gost-dim-radius,GOST,Dimensioning,Знак радиуса,R,Обозначает радиус дуги/окружности.,Перед размером указывают R; для сфер — SR.,R5; SR8,['GOST 2.307-2011'],[],"['радиус', 'сфера']",
gost-dim-angle,GOST,Dimensioning,Угловой размер,°,Размер угла в градусах.,Знак градуса после числа; выносные линии — дуговые.,30°; 2×45°,['GOST 2.307-2011'],[],['угол'],
gost-dim-fits,GOST,Dimensioning,Поле допуска/посадка (общее),H7/g6,Обозначение посадок по системе отверстия/вала.,Применяют к размеру номинала; буквенно-цифровой код поля допуска.,⌀20 H7/g6,['GOST 2.307-2011'],[],"['посадки', 'допуски']",Числовые поля по ГОСТ ISO 286.
gost-dim-thread-metric,GOST,Dimensioning,Резьба метрическая,"M10×1,5",Обозначение метрической резьбы.,"Формат: M⌀×шаг; доп. параметры — класс точности, направление.","M12×1,75-6H",['GOST 2.307-2011'],[],"['резьба', 'метрическая']",
gost-gdt-straightness,GOST,Geometrical Tolerancing,Прямолинейность,символ в виде короткой горизонтальной линии,Ограничение отклонения формы линии от идеальной прямой.,"Обозначают в рамке допуска формы; без баз, применимо к отдельным элементам.","⟦— | 0,05⟧",['GOST 2.308-79'],[],['форма'],
gost-gdt-flatness,GOST,Geometrical Tolerancing,Плоскостность,параллелограмм,Ограничение отклонения поверхности от идеальной плоскости.,Рамка допуска формы с величиной в мм.,"⟦FLAT | 0,1⟧",['GOST 2.308-79'],[],['форма'],
gost-gdt-roundness,GOST,Geometrical Tolerancing,Круглость,кружок,Отклонение профиля окружности от идеального круга.,Указывают для тел вращения/отверстий.,"⟦∘ | 0,02⟧",['GOST 2.308-79'],[],['форма'],
gost-gdt-cylindricity,GOST,Geometrical Tolerancing,Цилиндричность,символ цилиндра,Отклонение поверхности цилиндра от идеальной.,Применяют к валикам/отверстиям.,"⟦CYL | 0,05⟧",['GOST 2.308-79'],[],['форма'],
gost-gdt-parallelism,GOST,Geometrical Tolerancing,Параллельность,∥,Отклонение ориентации относительно базы.,"В рамке указывают значение и базу: ∥ 0,02 | A.","⟦∥ | 0,02 | A⟧",['GOST 2.308-79'],[],['ориентация'],
gost-gdt-perpendicularity,GOST,Geometrical Tolerancing,Перпендикулярность,⊥,Отклонение ориентации поверхности/оси от перпендикуляра к базе.,Указывают базу и величину.,"⟦⊥ | 0,03 | A⟧",['GOST 2.308-79'],[],['ориентация'],
gost-gdt-angularity,GOST,Geometrical Tolerancing,Наклон (угловатость),∠,Отклонение ориентации под заданным углом к базе.,Рамка с величиной и базой.,"⟦∠ | 0,05 | A⟧",['GOST 2.308-79'],[],['ориентация'],
gost-gdt-position,GOST,Geometrical Tolerancing,Позиционный допуск,символ позиции (мишень),Ограничение местоположения относительно датумов.,Часто применяется к отверстиям на делительной схеме.,"⟦POS | ⌀0,1 | A|B|C⟧",['GOST 2.308-79'],[],['расположение'],
gost-gdt-coaxiality,GOST,Geometrical Tolerancing,Соосность,две концентрические окружности,Совмещение осей поверхностей вращения.,Применяется к валам/отверстиям; может заменяться позиционным.,"⟦COAX | 0,02 | A⟧",['GOST 2.308-79'],[],['расположение'],В ISO отменена как отдельная в пользу 'позиции' и 'run-out'.
gost-gdt-symmetry,GOST,Geometrical Tolerancing,Симметрия,символ симметрии,Симметрия медианной плоскости/оси относительно базы.,"Назначается для пазов, уступов.","⟦SYM | 0,05 | A⟧",['GOST 2.308-79'],[],['расположение'],
gost-gdt-runout-circular,GOST,Geometrical Tolerancing,Круговое биение,стрелка по окружности,Суммарное отклонение формы/расположения при вращении относительно базы.,Измеряется индикатором по окружности.,"⟦RUN | 0,02 | A⟧",['GOST 2.308-79'],[],['биение'],
gost-gdt-runout-total,GOST,Geometrical Tolerancing,Полное биение,стрелка по поверхности,Суммарное отклонение при вращении по всей образующей.,Для валов и отверстий в сборках.,"⟦TRUN | 0,05 | A⟧",['GOST 2.308-79'],[],['биение'],
gost-gdt-datum,GOST,Geometrical Tolerancing,База (датум),"Буква в рамке (A, B, C)",Опорная поверхность/ось для отсчёта допусков.,Обозначается полочкой-выноской и рамкой с буквой.,⟦A⟧; ⟦B⟧,['GOST 2.308-79'],[],"['база', 'датум']",
gost-st-root,GOST,Surface Texture,Базовый знак шероховатости,корневой знак (галочка с полкой),Указывает требование к шероховатости без уточнений.,Ставится на полке выноски/контуре; параметры по ГОСТ 2789-73.,"Ra 1,6; Rz 10","['GOST 2.309-73', 'GOST 2789-73']",[],['шероховатость'],
gost-st-material-removal-required,GOST,Surface Texture,Съём материала обязателен,корневой знак с чертой,Поверхность должна быть обработана съёмом материала.,Добавляется горизонтальная черта над корневым знаком.,"Знак + 'Ra 0,8'",['GOST 2.309-73'],[],['шероховатость'],
gost-st-no-material-removal,GOST,Surface Texture,Съём материала запрещён,корневой знак с кружком,"Поверхность без снятия материала (литьё, штамповка).","К кругу добавляют параметры, если нужно.",Знак ○ и 'Rz 40',['GOST 2.309-73'],[],['шероховатость'],
gost-title-block,GOST,Title Block,Основная надпись (форматы),рамка + таблица,Расположение и состав основной надписи ЕСКД.,"Для форматов A0–A4; указывают масштаб, метод проекций, материалы и др.","Формат А3, масштаб 1:2.","['GOST 2.104-2006', 'GOST 2.301-68', 'GOST 2.302-68']",[],"['основная надпись', 'форматы']",
gost-scale,GOST,Scales,Масштаб,1:1; 2:1; 1:2,Отношение линейных размеров изображения к натуре.,Указывают в основной надписи; по ряду предпочтительных масштабов.,1:5; 5:1,['GOST 2.302-68'],[],['масштаб'],
gost-units,GOST,Units,Единицы размеров,мм по умолчанию,Линейные размеры — в миллиметрах без указания единиц.,"Иные единицы указывают явно (например, °, Н9).",⌀10; 30; 45°,['GOST 2.307-2011'],[],['единицы'],
