id,standard_family,category,name_ru,symbol_text,meaning_ru,usage_rule_ru,examples_ru,standard_refs,aliases,tags,notes_ru
iso-lines-continuous-thick,ISO,Lines,Continuous thick line,continuous thick,Visible edges/outlines.,Line width chosen per drawing scale and kept consistent.,Visible outline of a part.,['ISO 128-2:2020'],[],"['outline', 'visible']",
iso-lines-continuous-thin,ISO,Lines,Continuous thin line,continuous thin,"Dimension, extension, leader lines; hatching.","Used for dimensioning, leaders, hatching at 45°.",Dimension Ø20; hatching.,['ISO 128-2:2020'],[],"['dimension', 'leader']",
iso-lines-dashed,ISO,Lines,Dashed line,dashed,Hidden edges and outlines.,Short dashes with uniform spacing; avoid touching visible outlines at ends.,Hidden hole.,['ISO 128-2:2020'],[],['hidden'],
iso-lines-chain-thin,ISO,Lines,Chain thin line,chain thin,"Center lines, lines of symmetry.",Long dash – short dash pattern.,Centerline of hole.,['ISO 128-2:2020'],[],"['center', 'symmetry']",
iso-lines-chain-thick,ISO,Lines,Chain thick line,chain thick,Cutting planes and special emphasis.,Used with arrows and section identifiers (A–A).,Section A–A.,['ISO 128-2:2020'],[],['cutting plane'],
iso-proj-first-angle,ISO,Projections,Projection method: First-angle,symbol per ISO 5456-2,Object lies between observer and projection plane. Used in Europe.,Place symbol on the drawing/title block when needed.,First-angle symbol in title block.,['ISO 5456-2:1996'],[],['projection'],
iso-proj-third-angle,ISO,Projections,Projection method: Third-angle,symbol per ISO 5456-2,Projection plane lies between observer and object. Common in USA/Canada.,Place symbol in title block to avoid ambiguity.,Third-angle symbol.,['ISO 5456-2:1996'],[],['projection'],
iso-section,ISO,Views/Sections,Section view,A–A with arrows,Internal features revealed by a cutting plane.,Hatch at 45°; identical materials share hatch style.,Section A–A; steel hatch.,"['ISO 128-1:2003', 'ISO 128-50 series']",[],"['section', 'hatching']",
iso-removed-section,ISO,Views/Sections,Removed section,B–B removed,Section placed outside the view outline.,Use continuous thick for boundary; label with letters.,Removed section B–B.,['ISO 128-1:2003'],[],['removed section'],
iso-local-section,ISO,Views/Sections,Local section,freehand boundary,Partial section limited by a freehand boundary.,Boundary drawn freehand; hatch inside.,Local section of hole boss.,['ISO 128-1:2003'],[],['local section'],
iso-dim-line,ISO,Dimensioning,Dimension line,line with arrowheads,Shows a dimension between extension lines.,Values without unit denote millimetres.,Ø20; 35; 2×R3,['ISO 129-1:2018'],[],['dimension'],
iso-ext-line,ISO,Dimensioning,Extension line,continuous thin,Extends from the feature to the dimension line.,Should extend slightly beyond the arrowhead.,Extension lines for 40.,['ISO 129-1:2018'],[],['extension'],
iso-leader,ISO,Dimensioning,Leader line,thin with arrow/dot,Connects notes/dimensions to features.,"Arrowhead on visible outline, dot on surfaces.",Chamfer note C1×45°.,['ISO 129-1:2018'],[],['leader'],
iso-dim-diameter,ISO,Dimensioning,Diameter sign,⌀,Precedes a diameter value.,Place directly before the value.,⌀12; 4×⌀6,['ISO 129-1:2018'],[],['diameter'],
iso-dim-radius,ISO,Dimensioning,Radius sign,R / SR,R for radius; SR for spherical radius.,Use SR when the arc belongs to a sphere.,R5; SR8,['ISO 129-1:2018'],[],"['radius', 'spherical']",
iso-dim-angle,ISO,Dimensioning,Angular dimension,°,Angle values in degrees.,Shown with arc extension lines.,30°,['ISO 129-1:2018'],[],['angle'],
iso-dim-threads-metric,ISO,Dimensioning,Metric thread,M10×1.5,ISO metric thread designation.,M⌀×pitch with optional tolerance class and direction.,M12×1.75-6H,"['ISO 68-1', 'ISO 965-1']",[],['thread'],
iso-gdt-straightness,ISO,Geometrical Tolerancing,Straightness,—,Form tolerance limiting deviation from a straight line.,Shown in a feature control frame (FCF).,⟦— | 0.05⟧,['ISO 1101:2017'],[],['form'],
iso-gdt-flatness,ISO,Geometrical Tolerancing,Flatness,parallelogram,Form tolerance limiting deviation from a plane.,No datum; entire surface controlled unless otherwise stated.,⟦FLAT | 0.1⟧,['ISO 1101:2017'],[],['form'],
iso-gdt-roundness,ISO,Geometrical Tolerancing,Roundness (circularity),circle,Form tolerance limiting deviation from a circle.,Applicable to cylindrical/round features.,⟦○ | 0.02⟧,['ISO 1101:2017'],[],['form'],
iso-gdt-cylindricity,ISO,Geometrical Tolerancing,Cylindricity,cylinder,Form tolerance of a cylindrical surface.,Controls form over entire length.,⟦CYL | 0.05⟧,['ISO 1101:2017'],[],['form'],
iso-gdt-parallelism,ISO,Geometrical Tolerancing,Parallelism,∥,Orientation tolerance relative to a datum.,Requires datum reference in FCF.,⟦∥ | 0.02 | A⟧,['ISO 1101:2017'],[],['orientation'],
iso-gdt-perpendicularity,ISO,Geometrical Tolerancing,Perpendicularity,⊥,Orientation tolerance relative to a datum.,Requires datum reference.,⟦⊥ | 0.03 | A⟧,['ISO 1101:2017'],[],['orientation'],
iso-gdt-angularity,ISO,Geometrical Tolerancing,Angularity,∠,Orientation tolerance at a specified angle to a datum.,Specify angle elsewhere on drawing.,⟦∠ | 0.05 | A⟧,['ISO 1101:2017'],[],['orientation'],
iso-gdt-position,ISO,Geometrical Tolerancing,Position,target (⌖),Location tolerance relative to datums (often diameter zone).,Common for hole patterns; may include MMC/LMR modifiers.,⟦⌖ | ⌀0.1 | A|B|C⟧,"['ISO 1101:2017', 'ISO 5459:2011']",[],['location'],
iso-gdt-runout-circular,ISO,Geometrical Tolerancing,Circular run-out,arrow around circle,Composite effect of form and location during rotation.,Measured around a circular trace.,⟦RUN | 0.02 | A⟧,['ISO 1101:2017'],[],['run-out'],
iso-gdt-runout-total,ISO,Geometrical Tolerancing,Total run-out,arrow over surface,Composite deviation over the entire surface during rotation.,Measured along the generatrix.,⟦TRUN | 0.05 | A⟧,['ISO 1101:2017'],[],['run-out'],
iso-gdt-datum,ISO,Geometrical Tolerancing,Datum,"letter in frame (A, B, C)",Reference feature for orientation/location tolerances.,Identified by leader with rectangular frame.,⟦A⟧; ⟦B⟧,"['ISO 1101:2017', 'ISO 5459:2011']",[],['datum'],
iso-st-root,ISO,Surface Texture,Surface texture basic symbol,root symbol,Indicates surface texture requirement.,Placed on leader or extension; values per ISO 1302/21920.,Ra 1.6; Rz 10,"['ISO 1302:2002', 'ISO 21920-1:2021']",[],['surface texture'],
iso-st-material-removal-required,ISO,Surface Texture,Material removal required,root with bar,Surface must be machined or otherwise material removed.,Add a bar to the basic symbol.,Symbol + 'Ra 0.8',['ISO 1302:2002'],[],['surface texture'],
iso-st-no-material-removal,ISO,Surface Texture,Material removal prohibited,root with circle,Surface produced without material removal.,Use circle on the root symbol.,Symbol ○ with 'Rz 40',['ISO 1302:2002'],[],['surface texture'],
iso-title-block,ISO,Title Block,Title block & sheet layout,frame + table,States drawing identifiers; title block position by sheet size.,A0–A3 bottom-right; A4 bottom-right on short edge (portrait).,Title block with projection symbol.,"['ISO 5457:1999', 'ISO 7200:2004']",[],"['title block', 'sheets']",
iso-scale,ISO,Scales,Scale,1:1; 2:1; 1:2,Linear scale ratio of drawing to part.,Placed in title block; preferred scales per ISO 5455.,1:5; 5:1,['ISO 5455:1979'],[],['scale'],
iso-units,ISO,Units,Units for dimensions,mm by default,Dimensions are in millimetres unless otherwise stated.,"Other units explicitly indicated (°, N9).",Ø10; 30; 45°,['ISO 129-1:2018'],[],['units'],
