[
  {
    "id": "iso-lines-continuous-thick",
    "standard_family": "ISO",
    "category": "Lines",
    "name_ru": "Continuous thick line",
    "symbol_text": "continuous thick",
    "meaning_ru": "Visible edges/outlines.",
    "usage_rule_ru": "Line width chosen per drawing scale and kept consistent.",
    "examples_ru": "Visible outline of a part.",
    "standard_refs": [
      "ISO 128-2:2020"
    ],
    "aliases": [],
    "tags": [
      "outline",
      "visible"
    ],
    "notes_ru": ""
  },
  {
    "id": "iso-lines-continuous-thin",
    "standard_family": "ISO",
    "category": "Lines",
    "name_ru": "Continuous thin line",
    "symbol_text": "continuous thin",
    "meaning_ru": "Dimension, extension, leader lines; hatching.",
    "usage_rule_ru": "Used for dimensioning, leaders, hatching at 45°.",
    "examples_ru": "Dimension Ø20; hatching.",
    "standard_refs": [
      "ISO 128-2:2020"
    ],
    "aliases": [],
    "tags": [
      "dimension",
      "leader"
    ],
    "notes_ru": ""
  },
  {
    "id": "iso-lines-dashed",
    "standard_family": "ISO",
    "category": "Lines",
    "name_ru": "Dashed line",
    "symbol_text": "dashed",
    "meaning_ru": "Hidden edges and outlines.",
    "usage_rule_ru": "Short dashes with uniform spacing; avoid touching visible outlines at ends.",
    "examples_ru": "Hidden hole.",
    "standard_refs": [
      "ISO 128-2:2020"
    ],
    "aliases": [],
    "tags": [
      "hidden"
    ],
    "notes_ru": ""
  },
  {
    "id": "iso-lines-chain-thin",
    "standard_family": "ISO",
    "category": "Lines",
    "name_ru": "Chain thin line",
    "symbol_text": "chain thin",
    "meaning_ru": "Center lines, lines of symmetry.",
    "usage_rule_ru": "Long dash – short dash pattern.",
    "examples_ru": "Centerline of hole.",
    "standard_refs": [
      "ISO 128-2:2020"
    ],
    "aliases": [],
    "tags": [
      "center",
      "symmetry"
    ],
    "notes_ru": ""
  },
  {
    "id": "iso-lines-chain-thick",
    "standard_family": "ISO",
    "category": "Lines",
    "name_ru": "Chain thick line",
    "symbol_text": "chain thick",
    "meaning_ru": "Cutting planes and special emphasis.",
    "usage_rule_ru": "Used with arrows and section identifiers (A–A).",
    "examples_ru": "Section A–A.",
    "standard_refs": [
      "ISO 128-2:2020"
    ],
    "aliases": [],
    "tags": [
      "cutting plane"
    ],
    "notes_ru": ""
  },
  {
    "id": "iso-proj-first-angle",
    "standard_family": "ISO",
    "category": "Projections",
    "name_ru": "Projection method: First-angle",
    "symbol_text": "symbol per ISO 5456-2",
    "meaning_ru": "Object lies between observer and projection plane. Used in Europe.",
    "usage_rule_ru": "Place symbol on the drawing/title block when needed.",
    "examples_ru": "First-angle symbol in title block.",
    "standard_refs": [
      "ISO 5456-2:1996"
    ],
    "aliases": [],
    "tags": [
      "projection"
    ],
    "notes_ru": ""
  },
  {
    "id": "iso-proj-third-angle",
    "standard_family": "ISO",
    "category": "Projections",
    "name_ru": "Projection method: Third-angle",
    "symbol_text": "symbol per ISO 5456-2",
    "meaning_ru": "Projection plane lies between observer and object. Common in USA/Canada.",
    "usage_rule_ru": "Place symbol in title block to avoid ambiguity.",
    "examples_ru": "Third-angle symbol.",
    "standard_refs": [
      "ISO 5456-2:1996"
    ],
    "aliases": [],
    "tags": [
      "projection"
    ],
    "notes_ru": ""
  },
  {
    "id": "iso-section",
    "standard_family": "ISO",
    "category": "Views/Sections",
    "name_ru": "Section view",
    "symbol_text": "A–A with arrows",
    "meaning_ru": "Internal features revealed by a cutting plane.",
    "usage_rule_ru": "Hatch at 45°; identical materials share hatch style.",
    "examples_ru": "Section A–A; steel hatch.",
    "standard_refs": [
      "ISO 128-1:2003",
      "ISO 128-50 series"
    ],
    "aliases": [],
    "tags": [
      "section",
      "hatching"
    ],
    "notes_ru": ""
  },
  {
    "id": "iso-removed-section",
    "standard_family": "ISO",
    "category": "Views/Sections",
    "name_ru": "Removed section",
    "symbol_text": "B–B removed",
    "meaning_ru": "Section placed outside the view outline.",
    "usage_rule_ru": "Use continuous thick for boundary; label with letters.",
    "examples_ru": "Removed section B–B.",
    "standard_refs": [
      "ISO 128-1:2003"
    ],
    "aliases": [],
    "tags": [
      "removed section"
    ],
    "notes_ru": ""
  },
  {
    "id": "iso-local-section",
    "standard_family": "ISO",
    "category": "Views/Sections",
    "name_ru": "Local section",
    "symbol_text": "freehand boundary",
    "meaning_ru": "Partial section limited by a freehand boundary.",
    "usage_rule_ru": "Boundary drawn freehand; hatch inside.",
    "examples_ru": "Local section of hole boss.",
    "standard_refs": [
      "ISO 128-1:2003"
    ],
    "aliases": [],
    "tags": [
      "local section"
    ],
    "notes_ru": ""
  },
  {
    "id": "iso-dim-line",
    "standard_family": "ISO",
    "category": "Dimensioning",
    "name_ru": "Dimension line",
    "symbol_text": "line with arrowheads",
    "meaning_ru": "Shows a dimension between extension lines.",
    "usage_rule_ru": "Values without unit denote millimetres.",
    "examples_ru": "Ø20; 35; 2×R3",
    "standard_refs": [
      "ISO 129-1:2018"
    ],
    "aliases": [],
    "tags": [
      "dimension"
    ],
    "notes_ru": ""
  },
  {
    "id": "iso-ext-line",
    "standard_family": "ISO",
    "category": "Dimensioning",
    "name_ru": "Extension line",
    "symbol_text": "continuous thin",
    "meaning_ru": "Extends from the feature to the dimension line.",
    "usage_rule_ru": "Should extend slightly beyond the arrowhead.",
    "examples_ru": "Extension lines for 40.",
    "standard_refs": [
      "ISO 129-1:2018"
    ],
    "aliases": [],
    "tags": [
      "extension"
    ],
    "notes_ru": ""
  },
  {
    "id": "iso-leader",
    "standard_family": "ISO",
    "category": "Dimensioning",
    "name_ru": "Leader line",
    "symbol_text": "thin with arrow/dot",
    "meaning_ru": "Connects notes/dimensions to features.",
    "usage_rule_ru": "Arrowhead on visible outline, dot on surfaces.",
    "examples_ru": "Chamfer note C1×45°.",
    "standard_refs": [
      "ISO 129-1:2018"
    ],
    "aliases": [],
    "tags": [
      "leader"
    ],
    "notes_ru": ""
  },
  {
    "id": "iso-dim-diameter",
    "standard_family": "ISO",
    "category": "Dimensioning",
    "name_ru": "Diameter sign",
    "symbol_text": "⌀",
    "meaning_ru": "Precedes a diameter value.",
    "usage_rule_ru": "Place directly before the value.",
    "examples_ru": "⌀12; 4×⌀6",
    "standard_refs": [
      "ISO 129-1:2018"
    ],
    "aliases": [],
    "tags": [
      "diameter"
    ],
    "notes_ru": ""
  },
  {
    "id": "iso-dim-radius",
    "standard_family": "ISO",
    "category": "Dimensioning",
    "name_ru": "Radius sign",
    "symbol_text": "R / SR",
    "meaning_ru": "R for radius; SR for spherical radius.",
    "usage_rule_ru": "Use SR when the arc belongs to a sphere.",
    "examples_ru": "R5; SR8",
    "standard_refs": [
      "ISO 129-1:2018"
    ],
    "aliases": [],
    "tags": [
      "radius",
      "spherical"
    ],
    "notes_ru": ""
  },
  {
    "id": "iso-dim-angle",
    "standard_family": "ISO",
    "category": "Dimensioning",
    "name_ru": "Angular dimension",
    "symbol_text": "°",
    "meaning_ru": "Angle values in degrees.",
    "usage_rule_ru": "Shown with arc extension lines.",
    "examples_ru": "30°",
    "standard_refs": [
      "ISO 129-1:2018"
    ],
    "aliases": [],
    "tags": [
      "angle"
    ],
    "notes_ru": ""
  },
  {
    "id": "iso-dim-threads-metric",
    "standard_family": "ISO",
    "category": "Dimensioning",
    "name_ru": "Metric thread",
    "symbol_text": "M10×1.5",
    "meaning_ru": "ISO metric thread designation.",
    "usage_rule_ru": "M⌀×pitch with optional tolerance class and direction.",
    "examples_ru": "M12×1.75-6H",
    "standard_refs": [
      "ISO 68-1",
      "ISO 965-1"
    ],
    "aliases": [],
    "tags": [
      "thread"
    ],
    "notes_ru": ""
  },
  {
    "id": "iso-gdt-straightness",
    "standard_family": "ISO",
    "category": "Geometrical Tolerancing",
    "name_ru": "Straightness",
    "symbol_text": "—",
    "meaning_ru": "Form tolerance limiting deviation from a straight line.",
    "usage_rule_ru": "Shown in a feature control frame (FCF).",
    "examples_ru": "⟦— | 0.05⟧",
    "standard_refs": [
      "ISO 1101:2017"
    ],
    "aliases": [],
    "tags": [
      "form"
    ],
    "notes_ru": ""
  },
  {
    "id": "iso-gdt-flatness",
    "standard_family": "ISO",
    "category": "Geometrical Tolerancing",
    "name_ru": "Flatness",
    "symbol_text": "parallelogram",
    "meaning_ru": "Form tolerance limiting deviation from a plane.",
    "usage_rule_ru": "No datum; entire surface controlled unless otherwise stated.",
    "examples_ru": "⟦FLAT | 0.1⟧",
    "standard_refs": [
      "ISO 1101:2017"
    ],
    "aliases": [],
    "tags": [
      "form"
    ],
    "notes_ru": ""
  },
  {
    "id": "iso-gdt-roundness",
    "standard_family": "ISO",
    "category": "Geometrical Tolerancing",
    "name_ru": "Roundness (circularity)",
    "symbol_text": "circle",
    "meaning_ru": "Form tolerance limiting deviation from a circle.",
    "usage_rule_ru": "Applicable to cylindrical/round features.",
    "examples_ru": "⟦○ | 0.02⟧",
    "standard_refs": [
      "ISO 1101:2017"
    ],
    "aliases": [],
    "tags": [
      "form"
    ],
    "notes_ru": ""
  },
  {
    "id": "iso-gdt-cylindricity",
    "standard_family": "ISO",
    "category": "Geometrical Tolerancing",
    "name_ru": "Cylindricity",
    "symbol_text": "cylinder",
    "meaning_ru": "Form tolerance of a cylindrical surface.",
    "usage_rule_ru": "Controls form over entire length.",
    "examples_ru": "⟦CYL | 0.05⟧",
    "standard_refs": [
      "ISO 1101:2017"
    ],
    "aliases": [],
    "tags": [
      "form"
    ],
    "notes_ru": ""
  },
  {
    "id": "iso-gdt-parallelism",
    "standard_family": "ISO",
    "category": "Geometrical Tolerancing",
    "name_ru": "Parallelism",
    "symbol_text": "∥",
    "meaning_ru": "Orientation tolerance relative to a datum.",
    "usage_rule_ru": "Requires datum reference in FCF.",
    "examples_ru": "⟦∥ | 0.02 | A⟧",
    "standard_refs": [
      "ISO 1101:2017"
    ],
    "aliases": [],
    "tags": [
      "orientation"
    ],
    "notes_ru": ""
  },
  {
    "id": "iso-gdt-perpendicularity",
    "standard_family": "ISO",
    "category": "Geometrical Tolerancing",
    "name_ru": "Perpendicularity",
    "symbol_text": "⊥",
    "meaning_ru": "Orientation tolerance relative to a datum.",
    "usage_rule_ru": "Requires datum reference.",
    "examples_ru": "⟦⊥ | 0.03 | A⟧",
    "standard_refs": [
      "ISO 1101:2017"
    ],
    "aliases": [],
    "tags": [
      "orientation"
    ],
    "notes_ru": ""
  },
  {
    "id": "iso-gdt-angularity",
    "standard_family": "ISO",
    "category": "Geometrical Tolerancing",
    "name_ru": "Angularity",
    "symbol_text": "∠",
    "meaning_ru": "Orientation tolerance at a specified angle to a datum.",
    "usage_rule_ru": "Specify angle elsewhere on drawing.",
    "examples_ru": "⟦∠ | 0.05 | A⟧",
    "standard_refs": [
      "ISO 1101:2017"
    ],
    "aliases": [],
    "tags": [
      "orientation"
    ],
    "notes_ru": ""
  },
  {
    "id": "iso-gdt-position",
    "standard_family": "ISO",
    "category": "Geometrical Tolerancing",
    "name_ru": "Position",
    "symbol_text": "target (⌖)",
    "meaning_ru": "Location tolerance relative to datums (often diameter zone).",
    "usage_rule_ru": "Common for hole patterns; may include MMC/LMR modifiers.",
    "examples_ru": "⟦⌖ | ⌀0.1 | A|B|C⟧",
    "standard_refs": [
      "ISO 1101:2017",
      "ISO 5459:2011"
    ],
    "aliases": [],
    "tags": [
      "location"
    ],
    "notes_ru": ""
  },
  {
    "id": "iso-gdt-runout-circular",
    "standard_family": "ISO",
    "category": "Geometrical Tolerancing",
    "name_ru": "Circular run-out",
    "symbol_text": "arrow around circle",
    "meaning_ru": "Composite effect of form and location during rotation.",
    "usage_rule_ru": "Measured around a circular trace.",
    "examples_ru": "⟦RUN | 0.02 | A⟧",
    "standard_refs": [
      "ISO 1101:2017"
    ],
    "aliases": [],
    "tags": [
      "run-out"
    ],
    "notes_ru": ""
  },
  {
    "id": "iso-gdt-runout-total",
    "standard_family": "ISO",
    "category": "Geometrical Tolerancing",
    "name_ru": "Total run-out",
    "symbol_text": "arrow over surface",
    "meaning_ru": "Composite deviation over the entire surface during rotation.",
    "usage_rule_ru": "Measured along the generatrix.",
    "examples_ru": "⟦TRUN | 0.05 | A⟧",
    "standard_refs": [
      "ISO 1101:2017"
    ],
    "aliases": [],
    "tags": [
      "run-out"
    ],
    "notes_ru": ""
  },
  {
    "id": "iso-gdt-datum",
    "standard_family": "ISO",
    "category": "Geometrical Tolerancing",
    "name_ru": "Datum",
    "symbol_text": "letter in frame (A, B, C)",
    "meaning_ru": "Reference feature for orientation/location tolerances.",
    "usage_rule_ru": "Identified by leader with rectangular frame.",
    "examples_ru": "⟦A⟧; ⟦B⟧",
    "standard_refs": [
      "ISO 1101:2017",
      "ISO 5459:2011"
    ],
    "aliases": [],
    "tags": [
      "datum"
    ],
    "notes_ru": ""
  },
  {
    "id": "iso-st-root",
    "standard_family": "ISO",
    "category": "Surface Texture",
    "name_ru": "Surface texture basic symbol",
    "symbol_text": "root symbol",
    "meaning_ru": "Indicates surface texture requirement.",
    "usage_rule_ru": "Placed on leader or extension; values per ISO 1302/21920.",
    "examples_ru": "Ra 1.6; Rz 10",
    "standard_refs": [
      "ISO 1302:2002",
      "ISO 21920-1:2021"
    ],
    "aliases": [],
    "tags": [
      "surface texture"
    ],
    "notes_ru": ""
  },
  {
    "id": "iso-st-material-removal-required",
    "standard_family": "ISO",
    "category": "Surface Texture",
    "name_ru": "Material removal required",
    "symbol_text": "root with bar",
    "meaning_ru": "Surface must be machined or otherwise material removed.",
    "usage_rule_ru": "Add a bar to the basic symbol.",
    "examples_ru": "Symbol + 'Ra 0.8'",
    "standard_refs": [
      "ISO 1302:2002"
    ],
    "aliases": [],
    "tags": [
      "surface texture"
    ],
    "notes_ru": ""
  },
  {
    "id": "iso-st-no-material-removal",
    "standard_family": "ISO",
    "category": "Surface Texture",
    "name_ru": "Material removal prohibited",
    "symbol_text": "root with circle",
    "meaning_ru": "Surface produced without material removal.",
    "usage_rule_ru": "Use circle on the root symbol.",
    "examples_ru": "Symbol ○ with 'Rz 40'",
    "standard_refs": [
      "ISO 1302:2002"
    ],
    "aliases": [],
    "tags": [
      "surface texture"
    ],
    "notes_ru": ""
  },
  {
    "id": "iso-title-block",
    "standard_family": "ISO",
    "category": "Title Block",
    "name_ru": "Title block & sheet layout",
    "symbol_text": "frame + table",
    "meaning_ru": "States drawing identifiers; title block position by sheet size.",
    "usage_rule_ru": "A0–A3 bottom-right; A4 bottom-right on short edge (portrait).",
    "examples_ru": "Title block with projection symbol.",
    "standard_refs": [
      "ISO 5457:1999",
      "ISO 7200:2004"
    ],
    "aliases": [],
    "tags": [
      "title block",
      "sheets"
    ],
    "notes_ru": ""
  },
  {
    "id": "iso-scale",
    "standard_family": "ISO",
    "category": "Scales",
    "name_ru": "Scale",
    "symbol_text": "1:1; 2:1; 1:2",
    "meaning_ru": "Linear scale ratio of drawing to part.",
    "usage_rule_ru": "Placed in title block; preferred scales per ISO 5455.",
    "examples_ru": "1:5; 5:1",
    "standard_refs": [
      "ISO 5455:1979"
    ],
    "aliases": [],
    "tags": [
      "scale"
    ],
    "notes_ru": ""
  },
  {
    "id": "iso-units",
    "standard_family": "ISO",
    "category": "Units",
    "name_ru": "Units for dimensions",
    "symbol_text": "mm by default",
    "meaning_ru": "Dimensions are in millimetres unless otherwise stated.",
    "usage_rule_ru": "Other units explicitly indicated (°, N9).",
    "examples_ru": "Ø10; 30; 45°",
    "standard_refs": [
      "ISO 129-1:2018"
    ],
    "aliases": [],
    "tags": [
      "units"
    ],
    "notes_ru": ""
  }
]