{
  "version": "0.1",
  "updated_at": "2025-10-02T08:01:53.091127Z",
  "schema": {
    "id": "stable string identifier (kebab-case)",
    "standard_family": "GOST | ISO",
    "category": "Lines | Projections | Views/Sections | Dimensioning | Geometrical Tolerancing | Surface Texture | Title Block | Scales | Units",
    "name_ru": "Человекочитаемое название",
    "symbol_text": "Текстовый или Unicode-символ; если графический — краткое текстовое описание",
    "meaning_ru": "Короткое объяснение логики/смысла обозначения",
    "usage_rule_ru": "Ключевое правило применения (1–3 предложения)",
    "examples_ru": "Короткие примеры записи на чертеже",
    "standard_refs": "Список ссылок на части стандарта (например, 'GOST 2.303-68, п.2.2')",
    "aliases": "Список синонимов/вариантов",
    "tags": "Доп. поисковые теги",
    "notes_ru": "Замечания/подводные камни"
  }
}